name	human	mouse
Early_marker	C1QBP	C1qbp
Late_neural_progenitor	ABCA5	Abca5
Late_neural_progenitor_proteomics	ARL4C	Arl4c
Neural_progenitor_proteomics	AHDC1	Ahdc1
Transient_neuronal_regulation	ARFGEF3	Arfgef3
Pluripotency	CD24	Cd24a
Ectoderm	CCNI	Ccni
Endoderm	AFP	Afp
Mesoderm	BMP10	Bmp10
Neuronal_marker	ASCL1	Ascl1
Neural Crest	ACTG1	Actg1
Astrocyte	ALDH1L1	Aldh1l1
Ion_channels_general	ASIC1	Asic1
Calcium_ion_channel	CACNA1A	Cacna1a
Chloride_ion_channel	ANO1	Ano1
Potassium_ion_channel	KCNA1	Kcna1
Sodium_ion_channel	ASIC1	Asic1
Voltage_gated_ion_channel	CACNA1A	Cacna1a
Gap_junction_proteins	CFTR	Cftr
Ligand_gated_ion_channels	CHRNA1	Chrna1
Porins	AQP1	Aqp1
Cortical_neuron	CCNI	Ccni
Sesory_neuron	ISL1	Isl1
Nociceptor	ISL1	Isl1
Opioid_receptors	OPRD1	Oprd1
Glia	C1orf61	NA
Lower_cortical_neuron	B3GALT2	B3galt2
Upper_cortical_neuron	ARPP21	Arpp21
Oligodendrocyte	OLIG1	Olig1
Hepatocytes_TF	ALB	Alb
Endothelium	KDR	Kdr
Cardiomyocyte_TF	MEF2C	Mef2c
Housekeeping	ACTB	Actb
Stress_panel	ATF4	Atf4
Cell_cycle_G2M_phase	ANLN	Anln
Cell_cycle_S_phase	ABCC5	Abcc5
Intestinal	MUC2	Muc2
Kidney	PODXL	Podxl
Early_marker	CD9	Cd9
Late_neural_progenitor	ARGLU1	Arglu1
Late_neural_progenitor_proteomics	ATP2B4	Atp2b4
Neural_progenitor_proteomics	C21orf33	NA
Transient_neuronal_regulation	ATP5D	NA
Pluripotency	CXCL5	NA
Ectoderm	CDH9	Cdh9
Endoderm	CABP7	Cabp7
Mesoderm	CDH2	Cdh2
Neuronal_marker	CHAT	Chat
Neural Crest	CRABP1	Crabp1
Astrocyte	GLS	Gls
Ion_channels_general	ASIC2	Asic2
Calcium_ion_channel	CACNA1B	Cacna1b
Chloride_ion_channel	ANO10	Ano10
Potassium_ion_channel	KCNA10	Kcna10
Sodium_ion_channel	ASIC2	Asic2
Voltage_gated_ion_channel	CACNA1B	Cacna1b
Gap_junction_proteins	GJA1	Gja1
Ligand_gated_ion_channels	CHRNA10	Chrna10
Porins	AQP10	NA
Cortical_neuron	DCX	Dcx
Sesory_neuron	POU4F1	Pou4f1
Nociceptor	POU4F1	Pou4f1
Opioid_receptors	OPRK1	Oprk1
Glia	CD44	Cd44
Lower_cortical_neuron	BASP1	Basp1
Upper_cortical_neuron	CALM1	Calm1
Oligodendrocyte	OLIG2	Olig2
Hepatocytes_TF	CEBPA	Cebpa
Endothelium	PECAM1	Pecam1
Cardiomyocyte_TF	TNNT2	Tnnt2
Housekeeping	ANAPC15	Anapc15
Stress_panel	ATF6	Atf6
Cell_cycle_G2M_phase	AP3D1	Ap3d1
Cell_cycle_S_phase	ABHD10	Abhd10
Intestinal	VIL	NA
Kidney	NPHS1	Nphs1
Early_marker	CKB	Ckb
Late_neural_progenitor	CCNG2	Ccng2
Late_neural_progenitor_proteomics	EPHA4	Epha4
Neural_progenitor_proteomics	CADM1	Cadm1
Transient_neuronal_regulation	BCAT1	Bcat1
Pluripotency	DNMT3B	Dnmt3b
Ectoderm	COL2A1	Col2a1
Endoderm	CDH20	Cdh20
Mesoderm	CDH5	Cdh5
Neuronal_marker	DCX	Dcx
Neural Crest	ELAVL2	Elavl2
Astrocyte	HES4	NA
Ion_channels_general	GABRA3	Gabra3
Calcium_ion_channel	CACNA1C	Cacna1c
Chloride_ion_channel	ANO2	Ano2
Potassium_ion_channel	KCNA2	Kcna2
Sodium_ion_channel	ASIC3	Asic3
Voltage_gated_ion_channel	CACNA1C	Cacna1c
Gap_junction_proteins	GJA10	Gja10
Ligand_gated_ion_channels	CHRNA2	Chrna2
Porins	AQP11	Aqp11
Cortical_neuron	GPM6A	Gpm6a
Sesory_neuron	P2RX3	P2rx3
Nociceptor	P2RX3	P2rx3
Opioid_receptors	OPRL1	Oprl1
Glia	DBI	Dbi
Lower_cortical_neuron	CDKN2D	Cdkn2d
Upper_cortical_neuron	CAMK2B	Camk2b
Housekeeping	ANAPC5	Anapc5
Stress_panel	ATF6B	Atf6b
Cell_cycle_G2M_phase	ARHGAP19	Arhgap19
Cell_cycle_S_phase	ANKRD18A	NA
Intestinal	KRT20	Krt20
Early_marker	DHCR24	Dhcr24
Late_neural_progenitor	COL11A1	Col11a1
Late_neural_progenitor_proteomics	FRZB	Frzb
Neural_progenitor_proteomics	CAPN6	Capn6
Transient_neuronal_regulation	CENPF	Cenpf
Pluripotency	DUSP6	Dusp6
Ectoderm	DMBX1	Dmbx1
Endoderm	CLDN1	Cldn1
Mesoderm	CDX2	Cdx2
Neuronal_marker	EMX2	Emx2
Neural Crest	GBX2	Gbx2
Astrocyte	HES5	Hes5
Ion_channels_general	HCN1	Hcn1
Calcium_ion_channel	CACNA1D	Cacna1d
Chloride_ion_channel	ANO3	Ano3
Potassium_ion_channel	KCNA3	Kcna3
Sodium_ion_channel	ASIC4	Asic4
Voltage_gated_ion_channel	CACNA1D	Cacna1d
Gap_junction_proteins	GJA3	Gja3
Ligand_gated_ion_channels	CHRNA3	Chrna3
Porins	AQP12A	Aqp12
Cortical_neuron	MARCKSL1	Marcksl1
Sesory_neuron	MRGPRD	Mrgprd
Nociceptor	MRGPRD	Mrgprd
Opioid_receptors	OPRM1	Oprm1
Glia	DLG4	Dlg4
Lower_cortical_neuron	CELF4	Celf4
Upper_cortical_neuron	CDKN2D	Cdkn2d
Housekeeping	ARID3B	Arid3b
Stress_panel	ATM	Atm
Cell_cycle_G2M_phase	ARL4A	Arl4a
Cell_cycle_S_phase	ASF1B	Asf1b
Intestinal	CHGA	Chga
Early_marker	DUSP6	Dusp6
Late_neural_progenitor	DACH1	Dach1
Late_neural_progenitor_proteomics	FZD3	Fzd3
Neural_progenitor_proteomics	CDH6	Cdh6
Transient_neuronal_regulation	CYP26A1	Cyp26a1
Pluripotency	EPCAM	Epcam
Ectoderm	DRD4	Drd4
Endoderm	CPLX2	Cplx2
Mesoderm	FABP4	Fabp4
Neuronal_marker	FEZF1	Fezf1
Neural Crest	KCNQ1OT1	Kcnq1ot1
Astrocyte	MBP	Mbp
Ion_channels_general	HCN2	Hcn2
Calcium_ion_channel	CACNA1E	Cacna1e
Chloride_ion_channel	ANO4	Ano4
Potassium_ion_channel	KCNA4	Kcna4
Sodium_ion_channel	ASIC5	Asic5
Voltage_gated_ion_channel	CACNA1E	Cacna1e
Gap_junction_proteins	GJA4	Gja4
Ligand_gated_ion_channels	CHRNA4	Chrna4
Porins	AQP12B	Aqp12
Cortical_neuron	MLLT11	Mllt11
Sesory_neuron	RET	Ret
Nociceptor	RET	Ret
Glia	FABP7	Fabp7
Lower_cortical_neuron	CNTNAP2	Cntnap2
Upper_cortical_neuron	CHL1	Chl1
Housekeeping	ARL10	Arl10
Stress_panel	ATR	Atr
Cell_cycle_G2M_phase	ARMC1	Armc1
Cell_cycle_S_phase	ATAD2	Atad2
Early_marker	EZR	Ezr
Late_neural_progenitor	DDX17	Ddx17
Late_neural_progenitor_proteomics	IGFBP5	Igfbp5
Neural_progenitor_proteomics	CNTNAP1	Cntnap1
Transient_neuronal_regulation	DLGAP5	Dlgap5
Pluripotency	ESRG	NA
Ectoderm	EN1	En1
Endoderm	ELAVL3	Elavl3
Mesoderm	FGF4	Fgf4
Neuronal_marker	FOXP2	Foxp2
Neural Crest	MEG3	Meg3
Astrocyte	MGST1	Mgst1
Ion_channels_general	HCN3	Hcn3
Calcium_ion_channel	CACNA1F	Cacna1f
Chloride_ion_channel	ANO5	Ano5
Potassium_ion_channel	KCNA5	Kcna5
Sodium_ion_channel	NALCN	Nalcn
Voltage_gated_ion_channel	CACNA1F	Cacna1f
Gap_junction_proteins	GJA5	Gja5
Ligand_gated_ion_channels	CHRNA5	Chrna5
Porins	AQP2	Aqp2
Cortical_neuron	NES	Nes
Sesory_neuron	TAC1	Tac1
Nociceptor	TAC1	Tac1
Glia	GAP43	Gap43
Lower_cortical_neuron	DOK6	Dok6
Upper_cortical_neuron	CRMP1	Crmp1
Housekeeping	ATXN2	Atxn2
Stress_panel	BBC3	Bbc3
Cell_cycle_G2M_phase	ASXL1	Asxl1
Cell_cycle_S_phase	BBS2	Bbs2
Early_marker	HSPA8	Hspa8
Late_neural_progenitor	DLL1	Dll1
Late_neural_progenitor_proteomics	LRP2	Lrp2
Neural_progenitor_proteomics	CPS1	Cps1
Transient_neuronal_regulation	DPYSL3	Dpysl3
Pluripotency	HESX1	Hesx1
Ectoderm	LMX1A	Lmx1a
Endoderm	EOMES	Eomes
Mesoderm	GDF3	Gdf3
Neuronal_marker	GAD1	Gad1
Neural Crest	MIAT	Miat
Astrocyte	PPP1R1B	Ppp1r1b
Ion_channels_general	KCNQ1OT1	Kcnq1ot1
Calcium_ion_channel	CACNA1G	Cacna1g
Chloride_ion_channel	ANO6	Ano6
Potassium_ion_channel	KCNA6	Kcna6
Sodium_ion_channel	SCN10A	Scn10a
Voltage_gated_ion_channel	CACNA1G	Cacna1g
Gap_junction_proteins	GJA6P	Gja6
Ligand_gated_ion_channels	CHRNA6	Chrna6
Porins	AQP3	Aqp3
Cortical_neuron	NEUROD2	Neurod2
Sesory_neuron	CALCA	Calca
Nociceptor	CALCA	Calca
Glia	GFAP	Gfap
Lower_cortical_neuron	FAM49A	NA
Upper_cortical_neuron	CXADR	Cxadr
Housekeeping	C16orf62	NA
Stress_panel	BID	Bid
Cell_cycle_G2M_phase	ATL2	Atl2
Cell_cycle_S_phase	BIVM	Bivm
Early_marker	HSPD1	Hspd1
Late_neural_progenitor	DMRTA1	Dmrta1
Late_neural_progenitor_proteomics	NELL2	Nell2
Neural_progenitor_proteomics	CRB2	Crb2
Transient_neuronal_regulation	EEF1A1	Eef1a1
Pluripotency	IDO1	Ido1
Ectoderm	MAP2	Map2
Endoderm	FABP1	Fabp1
Mesoderm	HAND1	Hand1
Neuronal_marker	GAD2	Gad2
Neural Crest	MSX1	Msx1
Astrocyte	S100A1	S100a1
Ion_channels_general	KCNQ2	Kcnq2
Calcium_ion_channel	CACNA1H	Cacna1h
Chloride_ion_channel	ANO7	Ano7
Potassium_ion_channel	KCNA7	Kcna7
Sodium_ion_channel	SCN11A	Scn11a
Voltage_gated_ion_channel	CACNA1H	Cacna1h
Gap_junction_proteins	GJA8	Gja8
Ligand_gated_ion_channels	CHRNA7	Chrna7
Porins	AQP4	Aqp4
Cortical_neuron	SLA	Sla
Sesory_neuron	SST	Sst
Nociceptor	SST	Sst
Glia	HES1	Hes1
Lower_cortical_neuron	GABRB2	Gabrb2
Upper_cortical_neuron	DAAM1	Daam1
Housekeeping	C1orf43	4933434E20Rik
Stress_panel	CALR	Calr
Cell_cycle_G2M_phase	AURKB	Aurkb
Cell_cycle_S_phase	BLM	Blm
Early_marker	HSPE1	Hspe1
Late_neural_progenitor	EFNA5	Efna5
Late_neural_progenitor_proteomics	PRSS23	Prss23
Neural_progenitor_proteomics	DIAPH2	Diaph2
Transient_neuronal_regulation	FGFBP3	Fgfbp3
Pluripotency	LCK	Lck
Ectoderm	MYO3B	Myo3b
Endoderm	FABP1	Fabp1
Mesoderm	HAND2	Hand2
Neuronal_marker	GADD45A	Gadd45a
Neural Crest	NEAT1	Neat1
Astrocyte	S100B	S100b
Ion_channels_general	KCNQ3	Kcnq3
Calcium_ion_channel	CACNA1I	Cacna1i
Chloride_ion_channel	ANO8	Ano8
Potassium_ion_channel	KCNB1	Kcnb1
Sodium_ion_channel	SCN1A	Scn1a
Voltage_gated_ion_channel	CACNA1I	Cacna1i
Gap_junction_proteins	GJA9	NA
Ligand_gated_ion_channels	CHRNA9	Chrna9
Porins	AQP5	Aqp5
Cortical_neuron	SOX11	Sox11
Sesory_neuron	TRPV1	Trpv1
Nociceptor	TRPV1	Trpv1
Glia	HMGB2	Hmgb2
Lower_cortical_neuron	GRIA2	Gria2
Upper_cortical_neuron	DOK5	Dok5
Housekeeping	C3orf49	Gm11100
Stress_panel	CASP1	Casp1
Cell_cycle_G2M_phase	BCLAF1	Bclaf1
Cell_cycle_S_phase	BMI1	Bmi1
Early_marker	JARID2	Jarid2
Late_neural_progenitor	FZD5	Fzd5
Late_neural_progenitor_proteomics	PRTG	Prtg
Neural_progenitor_proteomics	DPYSL5	Dpysl5
Transient_neuronal_regulation	FZD7	Fzd7
Pluripotency	NANOG	Nanog
Ectoderm	NCAM1	Ncam1
Endoderm	FABP2	Fabp2
Mesoderm	IL6ST	Il6st
Neuronal_marker	GPC3	Gpc3
Neural Crest	NEUROG1	Neurog1
Ion_channels_general	P2RX3	P2rx3
Calcium_ion_channel	CACNA1S	Cacna1s
Chloride_ion_channel	ANO9	Ano9
Potassium_ion_channel	KCNB2	Kcnb2
Sodium_ion_channel	SCN1B	Scn1b
Voltage_gated_ion_channel	CACNA1S	Cacna1s
Gap_junction_proteins	GJB1	Gjb1
Ligand_gated_ion_channels	CHRNB1	Chrnb1
Porins	AQP6	Aqp6
Cortical_neuron	SOX2	Sox2
Sesory_neuron	NEFH	Nefh
Nociceptor	NTRK1	Ntrk1
Glia	HMGN3	Hmgn3
Lower_cortical_neuron	LMO3	Lmo3
Upper_cortical_neuron	GABBR2	Gabbr2
Housekeeping	CCAR1	Ccar1
Stress_panel	CDKN1A	Cdkn1a
Cell_cycle_G2M_phase	BORA	Bora
Cell_cycle_S_phase	BRCA1	Brca1
Early_marker	KRT14	Krt14
Late_neural_progenitor	ID1	Id1
Late_neural_progenitor_proteomics	PWP2	Pwp2
Neural_progenitor_proteomics	EML1	Eml1
Transient_neuronal_regulation	LECT1	NA
Pluripotency	PODXL	Podxl
Ectoderm	NES	Nes
Endoderm	FOXA1	Foxa1
Mesoderm	NPPB	Nppb
Neuronal_marker	GRHL3	Grhl3
Neural Crest	PAX3	Pax3
Ion_channels_general	SCN10A	Scn10a
Calcium_ion_channel	CACNA2D1	Cacna2d1
Chloride_ion_channel	BSND	Bsnd
Potassium_ion_channel	KCNC1	Kcnc1
Sodium_ion_channel	SCN2A	Scn2a
Voltage_gated_ion_channel	CACNA2D1	Cacna2d1
Gap_junction_proteins	GJB2	Gjb2
Ligand_gated_ion_channels	CHRNB2	Chrnb2
Porins	AQP7	Aqp7
Cortical_neuron	SOX4	Sox4
Sesory_neuron	CHODL	Chodl
Nociceptor	RUNX1	Runx1
Glia	ID4	Id4
Lower_cortical_neuron	LY6H	Ly6h
Upper_cortical_neuron	GAP43	Gap43
Housekeeping	CCDC125	Ccdc125
Stress_panel	CHEK1	Chek1
Cell_cycle_G2M_phase	BRD8	Brd8
Cell_cycle_S_phase	BRIP1	Brip1
Early_marker	KRT18	Krt18
Late_neural_progenitor	ILDR2	Ildr2
Late_neural_progenitor_proteomics	SMOC1	Smoc1
Neural_progenitor_proteomics	EPHB2	Ephb2
Transient_neuronal_regulation	LMO1	Lmo1
Pluripotency	POU5F1	Pou5f1
Ectoderm	NOS2	Nos2
Endoderm	FOXA2	Foxa2
Mesoderm	NR5A2	Nr5a2
Neuronal_marker	HESX1	Hesx1
Neural Crest	PBX3	Pbx3
Ion_channels_general	SCN11A	Scn11a
Calcium_ion_channel	CACNA2D2	Cacna2d2
Chloride_ion_channel	CFTR	Cftr
Potassium_ion_channel	KCNC2	Kcnc2
Sodium_ion_channel	SCN2B	Scn2b
Voltage_gated_ion_channel	CACNA2D2	Cacna2d2
Gap_junction_proteins	GJB3	Gjb3
Ligand_gated_ion_channels	CHRNB3	Chrnb3
Porins	AQP8	Aqp8
Sesory_neuron	CADPS2	Cadps2
Nociceptor	PRPH	Prph
Glia	LHX2	Lhx2
Lower_cortical_neuron	MAP1B	Map1b
Upper_cortical_neuron	GPR85	Gpr85
Housekeeping	CCDC90B	Ccdc90b
Stress_panel	CHEK2	Chek2
Cell_cycle_G2M_phase	BUB3	Bub3
Cell_cycle_S_phase	C11orf82	NA
Early_marker	IFITM1	Ifitm1
Late_neural_progenitor	PNISR	Pnisr
Late_neural_progenitor_proteomics	TLE4	Tle4
Neural_progenitor_proteomics	FBN1	Fbn1
Transient_neuronal_regulation	LRIG1	Lrig1
Pluripotency	SOX2	Sox2
Ectoderm	NR2F1	Nr2f1
Endoderm	FOXP2	Foxp2
Mesoderm	ODAM	Odam
Neuronal_marker	ISL1	Isl1
Neural Crest	RGMB	Rgmb
Ion_channels_general	SCN3A	Scn3a
Calcium_ion_channel	CACNA2D3	Cacna2d3
Chloride_ion_channel	CLCN1	Clcn1
Potassium_ion_channel	KCNC3	Kcnc3
Sodium_ion_channel	SCN3A	Scn3a
Voltage_gated_ion_channel	CACNA2D3	Cacna2d3
Gap_junction_proteins	GJB4	Gjb4
Ligand_gated_ion_channels	CHRNB4	Chrnb4
Porins	AQP9	Aqp9
Sesory_neuron	HAPLN4	Hapln4
Glia	LINC01158	NA
Lower_cortical_neuron	MAPT	Mapt
Upper_cortical_neuron	GRIN2B	Grin2b
Housekeeping	CHFR	Chfr
Stress_panel	DDB2	Ddb2
Cell_cycle_G2M_phase	C14orf80	NA
Cell_cycle_S_phase	C5orf42	NA
Early_marker	L1TD1	L1td1
Late_neural_progenitor	RPL15	Rpl15
Late_neural_progenitor_proteomics	TP53I11	Trp53i11
Neural_progenitor_proteomics	FUT8	Fut8
Transient_neuronal_regulation	LUZP2	Luzp2
Pluripotency	TRIM22	NA
Ectoderm	NR2F2	Nr2f2
Endoderm	GATA6	Gata6
Mesoderm	PDGFRA	Pdgfra
Neuronal_marker	LHX3	Lhx3
Neural Crest	SALL4	Sall4
Ion_channels_general	SCN9A	Scn9a
Calcium_ion_channel	CACNA2D4	Cacna2d4
Chloride_ion_channel	CLCN2	Clcn2
Potassium_ion_channel	KCNC4	Kcnc4
Sodium_ion_channel	SCN3B	Scn3b
Voltage_gated_ion_channel	CACNA2D4	Cacna2d4
Gap_junction_proteins	GJB5	Gjb5
Ligand_gated_ion_channels	CHRND	Chrnd
Porins	BEST1	Best1
Sesory_neuron	NTRK1	Ntrk1
Glia	MYO10	Myo10
Lower_cortical_neuron	NSG2	Nsg2
Upper_cortical_neuron	HN1	NA
Housekeeping	CHMP2A	Chmp2a
Stress_panel	DDIT3	Ddit3
Cell_cycle_G2M_phase	C2orf69	1700066M21Rik
Cell_cycle_S_phase	CALD1	Cald1
Early_marker	MT2A	Mt2
Late_neural_progenitor	RPL5	Rpl5
Late_neural_progenitor_proteomics	TPBG	Tpbg
Neural_progenitor_proteomics	GREB1L	Greb1l
Transient_neuronal_regulation	MAP1B	Map1b
Pluripotency	ZFP42	Zfp42
Ectoderm	OLFM3	Olfm3
Endoderm	GSC	Gsc
Mesoderm	PLVAP	Plvap
Neuronal_marker	MAP2	Map2
Neural Crest	SNAI2	Snai2
Ion_channels_general	TRPV1	Trpv1
Calcium_ion_channel	CACNB1	Cacnb1
Chloride_ion_channel	CLCN3	Clcn3
Potassium_ion_channel	KCND1	Kcnd1
Sodium_ion_channel	SCN4A	Scn4a
Voltage_gated_ion_channel	CACNB1	Cacnb1
Gap_junction_proteins	GJB6	Gjb6
Ligand_gated_ion_channels	CHRNE	Chrne
Porins	BEST2	Best2
Sesory_neuron	NTRK2	Ntrk2
Glia	PAX6	Pax6
Lower_cortical_neuron	RAB3A	Rab3a
Upper_cortical_neuron	INA	Ina
Housekeeping	DHRSX	Dhrsx
Stress_panel	DNAJC3	Dnajc3
Cell_cycle_G2M_phase	CASP3	Casp3
Cell_cycle_S_phase	CALM2	Calm2
Early_marker	MT1G	Mt1
Late_neural_progenitor	RPS19	Rps19
Late_neural_progenitor_proteomics	WLS	Wls
Neural_progenitor_proteomics	HAPLN1	Hapln1
Transient_neuronal_regulation	OLFML3	Olfml3
Ectoderm	OTX2	Otx2
Endoderm	HHEX	Hhex
Mesoderm	SNAI2	Snai2
Neuronal_marker	NEUROD1	Neurod1
Neural Crest	SOX1	Sox1
Ion_channels_general	TRPV2	Trpv2
Calcium_ion_channel	CACNB2	Cacnb2
Chloride_ion_channel	CLCN4	Clcn4
Potassium_ion_channel	KCND2	Kcnd2
Sodium_ion_channel	SCN4B	Scn4b
Voltage_gated_ion_channel	CACNB2	Cacnb2
Gap_junction_proteins	GJB7	NA
Ligand_gated_ion_channels	CHRNG	Chrng
Porins	BEST3	Best3
Sesory_neuron	NTRK3	Ntrk3
Glia	PTN	Ptn
Lower_cortical_neuron	RTN1	Rtn1
Upper_cortical_neuron	MAP1B	Map1b
Housekeeping	EMC7	Emc7
Stress_panel	FTH1	Fth1
Cell_cycle_G2M_phase	CBX5	Cbx5
Cell_cycle_S_phase	CASP2	Casp2
Early_marker	MT1X	Mt1
Late_neural_progenitor	SOX4	Sox4
Late_neural_progenitor_proteomics	ZNF521	Zfp521
Neural_progenitor_proteomics	LHX1	Lhx1
Transient_neuronal_regulation	PEG10	Peg10
Ectoderm	PAPLN	Papln
Endoderm	KLF5	Klf5
Mesoderm	T	NA
Neuronal_marker	NEUROG2	Neurog2
Neural Crest	SOX10	Sox10
Calcium_ion_channel	CACNB3	Cacnb3
Chloride_ion_channel	CLCN5	Clcn5
Potassium_ion_channel	KCND3	Kcnd3
Sodium_ion_channel	SCN5A	Scn5a
Voltage_gated_ion_channel	CACNB3	Cacnb3
Gap_junction_proteins	GJC1	Gjc1
Ligand_gated_ion_channels	GABRA1	Gabra1
Porins	BEST4	NA
Sesory_neuron	RUNX1	Runx1
Glia	QKI	Qk
Lower_cortical_neuron	RUNX1T1	Runx1t1
Upper_cortical_neuron	MAPT	Mapt
Housekeeping	FRMD8	Frmd8
Stress_panel	GADD45G	Gadd45g
Cell_cycle_G2M_phase	CCDC107	Ccdc107
Cell_cycle_S_phase	CCDC14	Ccdc14
Early_marker	NCL	Ncl
Late_neural_progenitor	SULF1	Sulf1
Neural_progenitor_proteomics	LTBP1	Ltbp1
Transient_neuronal_regulation	PKDCC	Pkdcc
Ectoderm	PAX3	Pax3
Endoderm	LEFTY1	Lefty1
Mesoderm	TM4SF1	Tm4sf1
Neuronal_marker	NR6A1	Nr6a1
Neural Crest	SOX10	Sox10
Calcium_ion_channel	CACNB4	Cacnb4
Chloride_ion_channel	CLCN6	Clcn6
Potassium_ion_channel	KCNF1	Kcnf1
Sodium_ion_channel	SCN8A	Scn8a
Voltage_gated_ion_channel	CACNB4	Cacnb4
Gap_junction_proteins	GJC2	Gjc2
Ligand_gated_ion_channels	GABRA2	Gabra2
Porins	MIP	Mip
Sesory_neuron	PIEZO2	Piezo2
Glia	SFRP1	Sfrp1
Lower_cortical_neuron	SCG3	Scg3
Upper_cortical_neuron	MEF2C	Mef2c
Housekeeping	GAPDH	Gapdh
Stress_panel	GAL	Gal
Cell_cycle_G2M_phase	CCNA2	Ccna2
Cell_cycle_S_phase	CCDC150	Ccdc150
Early_marker	PODXL	Podxl
Late_neural_progenitor	TMSB10	Tmsb10
Neural_progenitor_proteomics	NCAM1	Ncam1
Transient_neuronal_regulation	PRRC2C	Prrc2c
Ectoderm	PAX6	Pax6
Endoderm	LEFTY2	Lefty2
Mesoderm	ABCA4	Abca4
Neuronal_marker	PAX6	Pax6
Neural Crest	TAGLN3	Tagln3
Calcium_ion_channel	CACNG1	Cacng1
Chloride_ion_channel	CLCN7	Clcn7
Potassium_ion_channel	KCNG1	Kcng1
Sodium_ion_channel	SCN9A	Scn9a
Voltage_gated_ion_channel	CACNG1	Cacng1
Gap_junction_proteins	GJC3	Gjc3
Ligand_gated_ion_channels	GABRA3	Gabra3
Porins	VDAC1	Vdac1
Sesory_neuron	TH	Th
Glia	SLC1A3	Slc1a3
Lower_cortical_neuron	SNAP25	Snap25
Upper_cortical_neuron	MSRA	Msra
Housekeeping	GGA1	Gga1
Stress_panel	GCLC	Gclc
Cell_cycle_G2M_phase	CCNF	Ccnf
Cell_cycle_S_phase	CCDC84	NA
Early_marker	RAN	Ran
Late_neural_progenitor	TMSB15A	Tmsb15a
Neural_progenitor_proteomics	NGFR	Ngfr
Transient_neuronal_regulation	SEZ6	Sez6
Ectoderm	POU4F1	Pou4f1
Endoderm	NODAL	Nodal
Mesoderm	ALOX15	Alox15
Neuronal_marker	PRDX1	Prdx1
Neural Crest	TFAP2A	Tfap2a
Calcium_ion_channel	CACNG2	Cacng2
Chloride_ion_channel	CLCNKA	Clcnka
Chloride_ion_channel	CLCNKA	Clcnkb
Potassium_ion_channel	KCNG2	Kcng2
Sodium_ion_channel	SCNN1A	Scnn1a
Voltage_gated_ion_channel	CACNG2	Cacng2
Gap_junction_proteins	GJD2	Gjd2
Ligand_gated_ion_channels	GABRA4	Gabra4
Porins	VDAC2	Vdac2
Sesory_neuron	FAM19A4	NA
Glia	SOX2	Sox2
Lower_cortical_neuron	SNCA	Snca
Upper_cortical_neuron	NCAM1	Ncam1
Housekeeping	GPI	Gpi1
Stress_panel	GCLM	Gclm
Cell_cycle_G2M_phase	CDC16	Cdc16
Cell_cycle_S_phase	CDC45	Cdc45
Early_marker	S100A10	S100a10
Late_neural_progenitor	TPM1	Tpm1
Neural_progenitor_proteomics	NRCAM	Nrcam
Transient_neuronal_regulation	SFRP1	Sfrp1
Ectoderm	PRKCA	Prkca
Endoderm	POU3F3	Pou3f3
Mesoderm	COLEC10	Colec10
Neuronal_marker	PTN	Ptn
Neural Crest	TFAP2B	Tfap2b
Calcium_ion_channel	CACNG3	Cacng3
Chloride_ion_channel	CLCNKB	Clcnka
Chloride_ion_channel	CLCNKB	Clcnkb
Potassium_ion_channel	KCNG3	Kcng3
Sodium_ion_channel	SCNN1B	Scnn1b
Voltage_gated_ion_channel	CACNG3	Cacng3
Gap_junction_proteins	GJD3	Gjd3
Ligand_gated_ion_channels	GABRA5	Gabra5
Porins	VDAC3	Vdac3
Sesory_neuron	RUNX3	Runx3
Glia	SYNE2	Syne2
Lower_cortical_neuron	SYT1	Syt1
Upper_cortical_neuron	NELL2	Nell2
Housekeeping	HERC4	Herc4
Stress_panel	GSR	Gsr
Cell_cycle_G2M_phase	CDC25C	Cdc25c
Cell_cycle_S_phase	CDC7	Cdc7
Early_marker	SEPHS1	Sephs1
Late_neural_progenitor	TSHZ2	Tshz2
Neural_progenitor_proteomics	PALLD	Palld
Transient_neuronal_regulation	SLC16A1	Slc16a1
Ectoderm	SDC2	Sdc2
Endoderm	SOX17	Sox17
Mesoderm	ESM1	Esm1
Neuronal_marker	RBFOX3	Rbfox3
Calcium_ion_channel	CACNG4	Cacng4
Chloride_ion_channel	CLIC1	Clic1
Potassium_ion_channel	KCNG4	Kcng4
Sodium_ion_channel	SCNN1D	NA
Voltage_gated_ion_channel	CACNG4	Cacng4
Gap_junction_proteins	GJD4	Gjd4
Ligand_gated_ion_channels	GABRA6	Gabra6
Sesory_neuron	PVALB	Pvalb
Glia	ZFHX4	Zfhx4
Lower_cortical_neuron	SYT4	Syt4
Upper_cortical_neuron	NEUROD6	Neurod6
Housekeeping	MKNK1	Mknk1
Stress_panel	GSTP1	Gstp1
Stress_panel	GSTP1	Gstp2
Stress_panel	GSTP1	Gstp3
Cell_cycle_G2M_phase	CDCA2	Cdca2
Cell_cycle_S_phase	CDCA5	Cdca5
Early_marker	SFPQ	Sfpq
Late_neural_progenitor	TXNIP	Txnip
Neural_progenitor_proteomics	PAMR1	Pamr1
Transient_neuronal_regulation	SYT6	Syt6
Ectoderm	SOX1	Sox1
Endoderm	SOX7	Sox7
Mesoderm	FCN3	NA
Neuronal_marker	SLC17A6	Slc17a6
Calcium_ion_channel	CACNG5	Cacng5
Chloride_ion_channel	CLIC2	NA
Potassium_ion_channel	KCNH1	Kcnh1
Sodium_ion_channel	SCNN1G	Scnn1g
Voltage_gated_ion_channel	CACNG5	Cacng5
Gap_junction_proteins	GJE1	Gje1
Ligand_gated_ion_channels	GABRB1	Gabrb1
Sesory_neuron	VGLUT1	NA
Lower_cortical_neuron	TMEM161B-AS1	NA
Upper_cortical_neuron	NSG1	Nsg1
Housekeeping	NASP	Nasp
Stress_panel	HMOX1	Hmox1
Cell_cycle_G2M_phase	CDCA3	Cdca3
Cell_cycle_S_phase	CDKN2AIP	Cdkn2aip
Early_marker	SRSF2	Srsf2
Late_neural_progenitor	VIM	Vim
Neural_progenitor_proteomics	PTGIS	Ptgis
Transient_neuronal_regulation	TOP2A	Top2a
Ectoderm	TP63	Trp63
Endoderm	GATA4	Gata4
Mesoderm	FOXF1	Foxf1
Neuronal_marker	SLC17A7	Slc17a7
Calcium_ion_channel	CACNG6	Cacng6
Chloride_ion_channel	CLIC3	Clic3
Potassium_ion_channel	KCNH2	Kcnh2
Voltage_gated_ion_channel	CACNG6	Cacng6
Ligand_gated_ion_channels	GABRB2	Gabrb2
Sesory_neuron	NGFR	Ngfr
Lower_cortical_neuron	UCHL1	Uchl1
Upper_cortical_neuron	NSG2	Nsg2
Housekeeping	NME4	Nme4
Stress_panel	HSP90AA1	Hsp90aa1
Cell_cycle_G2M_phase	CDCA8	Cdca8
Cell_cycle_S_phase	CENPM	Cenpm
Early_marker	TDGF1	Tdgf1
Late_neural_progenitor	WSB1	Wsb1
Neural_progenitor_proteomics	RALB	Ralb
Ectoderm	TRPM8	Trpm8
Endoderm	HMP19	NA
Mesoderm	HEY1	Hey1
Neuronal_marker	SYN1	Syn1
Calcium_ion_channel	CACNG7	Cacng7
Chloride_ion_channel	CLIC4	Clic4
Potassium_ion_channel	KCNH3	Kcnh3
Voltage_gated_ion_channel	CACNG7	Cacng7
Ligand_gated_ion_channels	GABRB3	Gabrb3
Lower_cortical_neuron	VAMP2	Vamp2
Upper_cortical_neuron	PKIA	Pkia
Housekeeping	OTUB1	Otub1
Stress_panel	HSP90B1	Hsp90b1
Cell_cycle_G2M_phase	CDK1	Cdk1
Cell_cycle_S_phase	CENPQ	Cenpq
Early_marker	TP63	Trp63
Late_neural_progenitor	ZFHX4	Zfhx4
Neural_progenitor_proteomics	ROR2	Ror2
Ectoderm	TUBB3	Tubb3
Endoderm	HNF1B	Hnf1b
Mesoderm	HOPX	Hopx
Neuronal_marker	TBR1	Tbr1
Calcium_ion_channel	CACNG8	Cacng8
Chloride_ion_channel	CLIC5	Clic5
Potassium_ion_channel	KCNH4	Kcnh4
Voltage_gated_ion_channel	CACNG8	Cacng8
Ligand_gated_ion_channels	GABRD	Gabrd
Lower_cortical_neuron	YWHAH	Ywhah
Upper_cortical_neuron	R3HDM1	R3hdm1
Housekeeping	PMF1	Pmf1
Stress_panel	HSPA4	Hspa4
Cell_cycle_G2M_phase	CDKN1B	Cdkn1b
Cell_cycle_S_phase	CERS6	Cers6
Early_marker	TUBA1C	Tuba1c
Late_neural_progenitor	ZIC4	Zic4
Neural_progenitor_proteomics	SCUBE1	Scube1
Ectoderm	WNT1	Wnt1
Endoderm	PHOX2B	Phox2b
Mesoderm	NKX2-5	Nkx2-5
Neuronal_marker	TH	Th
Calcium_ion_channel	CATSPER1	Catsper1
Chloride_ion_channel	CLIC6	Clic6
Potassium_ion_channel	KCNH5	Kcnh5
Voltage_gated_ion_channel	CATSPER1	Catsper1
Ligand_gated_ion_channels	GABRE	Gabre
Upper_cortical_neuron	RAC3	Rac3
Housekeeping	POLR2B	Polr2b
Stress_panel	HSPA5	Hspa5
Cell_cycle_G2M_phase	CDKN2C	Cdkn2c
Cell_cycle_S_phase	CHML	Chml
Early_marker	UGP2	Ugp2
Neural_progenitor_proteomics	SESN3	Sesn3
Ectoderm	ZBTB16	Zbtb16
Endoderm	PRDM1	Prdm1
Mesoderm	RGS4	Rgs4
Neuronal_marker	TUBB3	Tubb3
Calcium_ion_channel	CATSPER2	Catsper2
Chloride_ion_channel	LRRC8A	Lrrc8a
Potassium_ion_channel	KCNH6	Kcnh6
Voltage_gated_ion_channel	CATSPER2	Catsper2
Ligand_gated_ion_channels	GABRG1	Gabrg1
Upper_cortical_neuron	RASL11B	Rasl11b
Housekeeping	POLR3A	Polr3a
Stress_panel	HUS1	Hus1
Cell_cycle_G2M_phase	CDR2	Cdr2
Cell_cycle_S_phase	COQ9	Coq9
Neural_progenitor_proteomics	SHISA2	Shisa2
Endoderm	RXRG	Rxrg
Mesoderm	TBX3	Tbx3
Calcium_ion_channel	CATSPER3	Catsper3
Chloride_ion_channel	LRRC8B	Lrrc8b
Potassium_ion_channel	KCNH7	Kcnh7
Voltage_gated_ion_channel	CATSPER3	Catsper3
Ligand_gated_ion_channels	GABRG2	Gabrg2
Upper_cortical_neuron	RBFOX2	Rbfox2
Housekeeping	POMK	Pomk
Stress_panel	MCL1	Mcl1
Cell_cycle_G2M_phase	CENPL	Cenpl
Cell_cycle_S_phase	CPNE8	Cpne8
Neural_progenitor_proteomics	SPON1	Spon1
Endoderm	SST	Sst
Calcium_ion_channel	CATSPER4	Catsper4
Chloride_ion_channel	LRRC8C	Lrrc8c
Potassium_ion_channel	KCNH8	Kcnh8
Voltage_gated_ion_channel	CATSPER4	Catsper4
Ligand_gated_ion_channels	GABRG3	Gabrg3
Upper_cortical_neuron	RTN1	Rtn1
Housekeeping	PSMA3-AS1	NA
Stress_panel	MRE11A	NA
Cell_cycle_G2M_phase	CEP350	Cep350
Cell_cycle_S_phase	CREBZF	Crebzf
Neural_progenitor_proteomics	STON1	Ston1
Calcium_ion_channel	CATSPERB	Catsperb
Chloride_ion_channel	LRRC8D	Lrrc8d
Potassium_ion_channel	KCNJ1	Kcnj1
Voltage_gated_ion_channel	CATSPERB	Catsperb
Ligand_gated_ion_channels	GABRP	Gabrp
Upper_cortical_neuron	SATB2	Satb2
Housekeeping	PSMB2	Psmb2
Stress_panel	NQO1	Nqo1
Cell_cycle_G2M_phase	CFD	Cfd
Cell_cycle_S_phase	CRLS1	Crls1
Calcium_ion_channel	CATSPERD	Catsperd
Chloride_ion_channel	LRRC8E	Lrrc8e
Potassium_ion_channel	KCNJ10	Kcnj10
Voltage_gated_ion_channel	CATSPERD	Catsperd
Ligand_gated_ion_channels	GABRQ	Gabrq
Upper_cortical_neuron	SCD5	NA
Housekeeping	PSMB4	Psmb4
Stress_panel	RAD17	Rad17
Cell_cycle_G2M_phase	CFLAR	Cflar
Cell_cycle_S_phase	DCAF16	NA
Calcium_ion_channel	CATSPERG	Catsperg1
Calcium_ion_channel	CATSPERG	Catsperg2
Potassium_ion_channel	KCNJ11	Kcnj11
Voltage_gated_ion_channel	CATSPERG	Catsperg1
Voltage_gated_ion_channel	CATSPERG	Catsperg2
Ligand_gated_ion_channels	GABRR1	Gabrr1
Upper_cortical_neuron	SNCA	Snca
Housekeeping	PTPN14	Ptpn14
Stress_panel	RAD51	Rad51
Cell_cycle_G2M_phase	CHEK2	Chek2
Cell_cycle_S_phase	DEPDC7	Depdc7
Calcium_ion_channel	ITPR1	Itpr1
Potassium_ion_channel	KCNJ12	Kcnj12
Voltage_gated_ion_channel	CNGA1	Cnga1
Ligand_gated_ion_channels	GABRR2	Gabrr2
Upper_cortical_neuron	STMN1	Stmn1
Housekeeping	RAB7A	Rab7
Stress_panel	SQSTM1	Sqstm1
Cell_cycle_G2M_phase	CKAP2	Ckap2
Cell_cycle_S_phase	DHFR	Dhfr
Calcium_ion_channel	ITPR2	Itpr2
Potassium_ion_channel	KCNJ13	Kcnj13
Voltage_gated_ion_channel	CNGA2	Cnga2
Ligand_gated_ion_channels	GABRR3	Gabrr3
Upper_cortical_neuron	STMN2	Stmn2
Housekeeping	RAPGEF6	Rapgef6
Stress_panel	TNFRSF10A	Tnfrsf10b
Cell_cycle_G2M_phase	CKAP2L	Ckap2l
Cell_cycle_S_phase	DNA2	Dna2
Calcium_ion_channel	ITPR3	Itpr3
Potassium_ion_channel	KCNJ14	Kcnj14
Voltage_gated_ion_channel	CNGA3	Cnga3
Ligand_gated_ion_channels	GLRA1	Glra1
Upper_cortical_neuron	STMN4	Stmn4
Housekeeping	REEP5	Reep5
Stress_panel	TNFRSF10B	Tnfrsf10b
Cell_cycle_G2M_phase	CYTH2	Cyth2
Cell_cycle_S_phase	DNAJB4	Dnajb4
Calcium_ion_channel	RYR1	Ryr1
Potassium_ion_channel	KCNJ15	Kcnj15
Voltage_gated_ion_channel	CNGA4	Cnga4
Ligand_gated_ion_channels	GLRA2	Glra2
Upper_cortical_neuron	TTC9B	Ttc9b
Housekeeping	REL	Rel
Stress_panel	TNFRSF1A	Tnfrsf1a
Cell_cycle_G2M_phase	DCAF7	Dcaf7
Cell_cycle_S_phase	DONSON	Donson
Calcium_ion_channel	RYR2	Ryr2
Potassium_ion_channel	KCNJ16	Kcnj16
Voltage_gated_ion_channel	CNGB1	Cngb1
Ligand_gated_ion_channels	GLRA3	Glra3
Upper_cortical_neuron	TUBB2A	Tubb2a
Housekeeping	RRP1	Rrp1
Stress_panel	TP53	Trp53
Cell_cycle_G2M_phase	DHX8	Dhx8
Cell_cycle_S_phase	DSCC1	Dscc1
Calcium_ion_channel	RYR3	Ryr3
Potassium_ion_channel	KCNJ18	NA
Voltage_gated_ion_channel	CNGB3	Cngb3
Ligand_gated_ion_channels	GLRA4	Glra4
Upper_cortical_neuron	UCHL1	Uchl1
Housekeeping	RUNDC1	Rundc1
Stress_panel	TXN	Txn1
Cell_cycle_G2M_phase	DNAJB1	Dnajb1
Cell_cycle_S_phase	DYNC1LI2	Dync1li2
Calcium_ion_channel	TPCN1	Tpcn1
Potassium_ion_channel	KCNJ2	Kcnj2
Voltage_gated_ion_channel	HCN1	Hcn1
Ligand_gated_ion_channels	GLRB	Glrb
Upper_cortical_neuron	VAMP2	Vamp2
Housekeeping	SAMD4B	Samd4b
Stress_panel	TXNRD1	Txnrd1
Cell_cycle_G2M_phase	ENTPD5	Entpd5
Cell_cycle_S_phase	E2F8	E2f8
Calcium_ion_channel	TPCN2	Tpcn2
Potassium_ion_channel	KCNJ3	Kcnj3
Voltage_gated_ion_channel	HCN2	Hcn2
Ligand_gated_ion_channels	GRIA1	Gria1
Housekeeping	SLC4A1AP	Slc4a1ap
Stress_panel	XPC	Xpc
Cell_cycle_G2M_phase	ESPL1	Espl1
Cell_cycle_S_phase	EIF4EBP2	Eif4ebp2
Potassium_ion_channel	KCNJ4	Kcnj4
Voltage_gated_ion_channel	HCN3	Hcn3
Ligand_gated_ion_channels	GRIA2	Gria2
Housekeeping	SLMAP	Slmap
Cell_cycle_G2M_phase	FADD	Fadd
Cell_cycle_S_phase	ENOSF1	NA
Potassium_ion_channel	KCNJ5	Kcnj5
Voltage_gated_ion_channel	HCN4	Hcn4
Ligand_gated_ion_channels	GRIA3	Gria3
Housekeeping	SMARCAL1	Smarcal1
Cell_cycle_G2M_phase	FAM83D	Fam83d
Cell_cycle_S_phase	ESCO2	Esco2
Potassium_ion_channel	KCNJ6	Kcnj6
Voltage_gated_ion_channel	HVCN1	Hvcn1
Ligand_gated_ion_channels	GRIA4	Gria4
Housekeeping	SNAP29	Snap29
Cell_cycle_G2M_phase	FAN1	Fan1
Cell_cycle_S_phase	EXO1	Exo1
Potassium_ion_channel	KCNJ8	Kcnj8
Voltage_gated_ion_channel	KCNA1	Kcna1
Ligand_gated_ion_channels	GRID1	Grid1
Housekeeping	SNRNP200	Snrnp200
Cell_cycle_G2M_phase	FANCD2	Fancd2
Cell_cycle_S_phase	EZH2	Ezh2
Potassium_ion_channel	KCNJ9	Kcnj9
Voltage_gated_ion_channel	KCNA10	Kcna10
Ligand_gated_ion_channels	GRID2	Grid2
Housekeeping	SNRPD3	Snrpd3
Cell_cycle_G2M_phase	G2E3	G2e3
Cell_cycle_S_phase	FAM178A	NA
Potassium_ion_channel	KCNK1	Kcnk1
Voltage_gated_ion_channel	KCNA2	Kcna2
Ligand_gated_ion_channels	GRIK1	Grik1
Housekeeping	SUPT4H1	Supt4a
Cell_cycle_G2M_phase	GABPB1	Gabpb1
Cell_cycle_S_phase	FANCA	Fanca
Potassium_ion_channel	KCNK10	Kcnk10
Voltage_gated_ion_channel	KCNA3	Kcna3
Ligand_gated_ion_channels	GRIK2	Grik2
Housekeeping	TBC1D22A	Tbc1d22a
Cell_cycle_G2M_phase	GAS1	Gas1
Cell_cycle_S_phase	FANCI	Fanci
Potassium_ion_channel	KCNK12	Kcnk12
Voltage_gated_ion_channel	KCNA4	Kcna4
Ligand_gated_ion_channels	GRIK3	Grik3
Housekeeping	THUMPD3-AS1	Gt(ROSA)26Sor
Cell_cycle_G2M_phase	GAS2L3	Gas2l3
Cell_cycle_S_phase	FEN1	Fen1
Potassium_ion_channel	KCNK13	Kcnk13
Voltage_gated_ion_channel	KCNA5	Kcna5
Ligand_gated_ion_channels	GRIK4	Grik4
Housekeeping	TSPOAP1-AS1	NA
Cell_cycle_G2M_phase	H2AFX	NA
Cell_cycle_S_phase	GCLM	Gclm
Potassium_ion_channel	KCNK15	Kcnk15
Voltage_gated_ion_channel	KCNA6	Kcna6
Ligand_gated_ion_channels	GRIK5	Grik5
Housekeeping	TUBGCP2	Tubgcp2
Cell_cycle_G2M_phase	HAUS8	Haus8
Cell_cycle_S_phase	GOLGA8A	NA
Potassium_ion_channel	KCNK16	Kcnk16
Voltage_gated_ion_channel	KCNA7	Kcna7
Ligand_gated_ion_channels	GRIN1	Grin1
Housekeeping	VCP	Vcp
Cell_cycle_G2M_phase	HINT3	Hint3
Cell_cycle_S_phase	GOLGA8B	NA
Potassium_ion_channel	KCNK17	NA
Voltage_gated_ion_channel	KCNB1	Kcnb1
Ligand_gated_ion_channels	GRIN2A	Grin2a
Housekeeping	VPS29	Vps29
Cell_cycle_G2M_phase	HIPK2	Hipk2
Cell_cycle_S_phase	H1F0	NA
Potassium_ion_channel	KCNK18	Kcnk18
Voltage_gated_ion_channel	KCNB2	Kcnb2
Ligand_gated_ion_channels	GRIN2B	Grin2b
Housekeeping	WDTC1	Wdtc1
Cell_cycle_G2M_phase	HJURP	Hjurp
Cell_cycle_S_phase	HELLS	Hells
Potassium_ion_channel	KCNK2	Kcnk2
Voltage_gated_ion_channel	KCNC1	Kcnc1
Ligand_gated_ion_channels	GRIN2C	Grin2c
Housekeeping	ZNF544	NA
Cell_cycle_G2M_phase	HMGB2	Hmgb2
Cell_cycle_S_phase	HIST1H2AC	NA
Potassium_ion_channel	KCNK3	Kcnk3
Voltage_gated_ion_channel	KCNC2	Kcnc2
Ligand_gated_ion_channels	GRIN2D	Grin2d
Cell_cycle_G2M_phase	HN1	NA
Cell_cycle_S_phase	HIST1H4C	NA
Potassium_ion_channel	KCNK4	Kcnk4
Voltage_gated_ion_channel	KCNC3	Kcnc3
Ligand_gated_ion_channels	GRIN3A	Grin3a
Cell_cycle_G2M_phase	HP1BP3	Hp1bp3
Cell_cycle_S_phase	INTS7	Ints7
Potassium_ion_channel	KCNK5	Kcnk5
Voltage_gated_ion_channel	KCNC4	Kcnc4
Ligand_gated_ion_channels	GRIN3B	Grin3b
Cell_cycle_G2M_phase	HRSP12	NA
Cell_cycle_S_phase	KAT2A	Kat2a
Potassium_ion_channel	KCNK6	Kcnk6
Voltage_gated_ion_channel	KCND1	Kcnd1
Ligand_gated_ion_channels	HTR3A	Htr3a
Cell_cycle_G2M_phase	IFNAR1	Ifnar1
Cell_cycle_S_phase	KAT2B	Kat2b
Potassium_ion_channel	KCNK7	Kcnk7
Voltage_gated_ion_channel	KCND2	Kcnd2
Ligand_gated_ion_channels	HTR3B	Htr3b
Cell_cycle_G2M_phase	IQGAP3	Iqgap3
Cell_cycle_S_phase	KDELC1	NA
Potassium_ion_channel	KCNK9	Kcnk9
Voltage_gated_ion_channel	KCND3	Kcnd3
Ligand_gated_ion_channels	HTR3C	NA
Cell_cycle_G2M_phase	KATNA1	Katna1
Cell_cycle_S_phase	KIAA1598	NA
Potassium_ion_channel	KCNMA1	Kcnma1
Voltage_gated_ion_channel	KCNF1	Kcnf1
Ligand_gated_ion_channels	HTR3D	NA
Cell_cycle_G2M_phase	KCTD9	Kctd9
Cell_cycle_S_phase	LMO4	Lmo4
Potassium_ion_channel	KCNN1	Kcnn1
Voltage_gated_ion_channel	KCNG1	Kcng1
Ligand_gated_ion_channels	HTR3E	NA
Cell_cycle_G2M_phase	KDM4A	Kdm4a
Cell_cycle_S_phase	LYRM7	Lyrm7
Potassium_ion_channel	KCNN2	Kcnn2
Voltage_gated_ion_channel	KCNG2	Kcng2
Ligand_gated_ion_channels	ITPR1	Itpr1
Cell_cycle_G2M_phase	KIAA1524	NA
Cell_cycle_S_phase	MAN1A2	Man1a2
Potassium_ion_channel	KCNN3	Kcnn3
Voltage_gated_ion_channel	KCNG3	Kcng3
Ligand_gated_ion_channels	ITPR2	Itpr2
Cell_cycle_G2M_phase	KIF11	Kif11
Cell_cycle_S_phase	MAP3K2	Map3k2
Potassium_ion_channel	KCNN4	Kcnn4
Voltage_gated_ion_channel	KCNG4	Kcng4
Ligand_gated_ion_channels	ITPR3	Itpr3
Cell_cycle_G2M_phase	KIF20B	Kif20b
Cell_cycle_S_phase	MASTL	Mastl
Potassium_ion_channel	KCNQ1	Kcnq1
Voltage_gated_ion_channel	KCNH1	Kcnh1
Ligand_gated_ion_channels	P2RX1	P2rx1
Cell_cycle_G2M_phase	KIF22	Kif22
Cell_cycle_S_phase	MBD4	Mbd4
Potassium_ion_channel	KCNQ2	Kcnq2
Voltage_gated_ion_channel	KCNH2	Kcnh2
Ligand_gated_ion_channels	P2RX2	P2rx2
Cell_cycle_G2M_phase	KIF23	Kif23
Cell_cycle_S_phase	MCM8	Mcm8
Potassium_ion_channel	KCNQ3	Kcnq3
Voltage_gated_ion_channel	KCNH3	Kcnh3
Ligand_gated_ion_channels	P2RX3	P2rx3
Cell_cycle_G2M_phase	KIF5B	Kif5b
Cell_cycle_S_phase	MLF1IP	NA
Potassium_ion_channel	KCNQ4	Kcnq4
Voltage_gated_ion_channel	KCNH4	Kcnh4
Ligand_gated_ion_channels	P2RX4	P2rx4
Cell_cycle_G2M_phase	KIFC1	Kifc5b
Cell_cycle_S_phase	MYCBP2	Mycbp2
Potassium_ion_channel	KCNQ5	Kcnq5
Voltage_gated_ion_channel	KCNH5	Kcnh5
Ligand_gated_ion_channels	P2RX5	P2rx5
Cell_cycle_G2M_phase	KLF6	Klf6
Cell_cycle_S_phase	NAB1	Nab1
Potassium_ion_channel	KCNS1	Kcns1
Voltage_gated_ion_channel	KCNH6	Kcnh6
Ligand_gated_ion_channels	P2RX6	P2rx6
Cell_cycle_G2M_phase	KPNA2	Kpna2
Cell_cycle_S_phase	NEAT1	Neat1
Potassium_ion_channel	KCNS2	Kcns2
Voltage_gated_ion_channel	KCNH7	Kcnh7
Ligand_gated_ion_channels	P2RX7	P2rx7
Cell_cycle_G2M_phase	LBR	Lbr
Cell_cycle_S_phase	NFE2L2	Nfe2l2
Potassium_ion_channel	KCNS3	Kcns3
Voltage_gated_ion_channel	KCNH8	Kcnh8
Ligand_gated_ion_channels	RYR1	Ryr1
Cell_cycle_G2M_phase	LIX1L	Lix1l
Cell_cycle_S_phase	NRD1	NA
Potassium_ion_channel	KCNT1	Kcnt1
Voltage_gated_ion_channel	KCNK1	Kcnk1
Ligand_gated_ion_channels	RYR2	Ryr2
Cell_cycle_G2M_phase	LMNB1	Lmnb1
Cell_cycle_S_phase	NSUN3	Nsun3
Potassium_ion_channel	KCNT2	Kcnt2
Voltage_gated_ion_channel	KCNK10	Kcnk10
Ligand_gated_ion_channels	RYR3	Ryr3
Cell_cycle_G2M_phase	MAD2L1	Mad2l1
Cell_cycle_S_phase	NT5DC1	Nt5dc1
Potassium_ion_channel	KCNU1	Kcnu1
Voltage_gated_ion_channel	KCNK12	Kcnk12
Ligand_gated_ion_channels	ZACN	NA
Cell_cycle_G2M_phase	MALAT1	Malat1
Cell_cycle_S_phase	NUP160	Nup160
Potassium_ion_channel	KCNV1	Kcnv1
Voltage_gated_ion_channel	KCNK13	Kcnk13
Cell_cycle_G2M_phase	MELK	Melk
Cell_cycle_S_phase	OGT	Ogt
Potassium_ion_channel	KCNV2	Kcnv2
Voltage_gated_ion_channel	KCNK15	Kcnk15
Cell_cycle_G2M_phase	MGAT2	Mgat2
Cell_cycle_S_phase	ORC3	Orc3
Voltage_gated_ion_channel	KCNK16	Kcnk16
Cell_cycle_G2M_phase	MID1	Mid1
Cell_cycle_S_phase	OSGIN2	Osgin2
Voltage_gated_ion_channel	KCNK17	NA
Cell_cycle_G2M_phase	MIS18BP1	Mis18bp1
Cell_cycle_S_phase	PHIP	Phip
Voltage_gated_ion_channel	KCNK18	Kcnk18
Cell_cycle_G2M_phase	MND1	Mnd1
Cell_cycle_S_phase	PHTF1	Phtf1
Voltage_gated_ion_channel	KCNK2	Kcnk2
Cell_cycle_G2M_phase	NCAPD3	Ncapd3
Cell_cycle_S_phase	PHTF2	Phtf2
Voltage_gated_ion_channel	KCNK3	Kcnk3
Cell_cycle_G2M_phase	NCAPH	Ncaph
Cell_cycle_S_phase	PKMYT1	Pkmyt1
Voltage_gated_ion_channel	KCNK4	Kcnk4
Cell_cycle_G2M_phase	NCOA5	Ncoa5
Cell_cycle_S_phase	POLA1	Pola1
Voltage_gated_ion_channel	KCNK5	Kcnk5
Cell_cycle_G2M_phase	NDC80	Ndc80
Cell_cycle_S_phase	PRIM1	Prim1
Voltage_gated_ion_channel	KCNK6	Kcnk6
Cell_cycle_G2M_phase	NEIL3	Neil3
Cell_cycle_S_phase	PTAR1	Ptar1
Voltage_gated_ion_channel	KCNK7	Kcnk7
Cell_cycle_G2M_phase	NFIC	Nfic
Cell_cycle_S_phase	RAD18	Rad18
Voltage_gated_ion_channel	KCNK9	Kcnk9
Cell_cycle_G2M_phase	NIPBL	Nipbl
Cell_cycle_S_phase	RAD51	Rad51
Voltage_gated_ion_channel	KCNMA1	Kcnma1
Cell_cycle_G2M_phase	NMB	Nmb
Cell_cycle_S_phase	RAD51AP1	Rad51ap1
Voltage_gated_ion_channel	KCNN1	Kcnn1
Cell_cycle_G2M_phase	NR3C1	Nr3c1
Cell_cycle_S_phase	RBBP8	Rbbp8
Voltage_gated_ion_channel	KCNN2	Kcnn2
Cell_cycle_G2M_phase	NUCKS1	Nucks1
Cell_cycle_S_phase	REEP1	Reep1
Voltage_gated_ion_channel	KCNN3	Kcnn3
Cell_cycle_G2M_phase	NUMA1	Numa1
Cell_cycle_S_phase	RFC2	Rfc2
Voltage_gated_ion_channel	KCNN4	Kcnn4
Cell_cycle_G2M_phase	NUSAP1	Nusap1
Cell_cycle_S_phase	RHOBTB3	Rhobtb3
Voltage_gated_ion_channel	KCNQ1	Kcnq1
Cell_cycle_G2M_phase	PIF1	Pif1
Cell_cycle_S_phase	RMI1	Rmi1
Voltage_gated_ion_channel	KCNQ2	Kcnq2
Cell_cycle_G2M_phase	PKNOX1	Pknox1
Cell_cycle_S_phase	RPA2	Rpa2
Voltage_gated_ion_channel	KCNQ3	Kcnq3
Cell_cycle_G2M_phase	POLQ	Polq
Cell_cycle_S_phase	RRM1	Rrm1
Voltage_gated_ion_channel	KCNQ4	Kcnq4
Cell_cycle_G2M_phase	PPP1R2	Ppp1r2
Cell_cycle_S_phase	RRM2	Rrm2
Voltage_gated_ion_channel	KCNQ5	Kcnq5
Cell_cycle_G2M_phase	PSMD11	Psmd11
Cell_cycle_S_phase	RSRC2	Rsrc2
Voltage_gated_ion_channel	KCNS1	Kcns1
Cell_cycle_G2M_phase	PSRC1	Psrc1
Cell_cycle_S_phase	SAP30BP	Sap30bp
Voltage_gated_ion_channel	KCNS2	Kcns2
Cell_cycle_G2M_phase	RANGAP1	Rangap1
Cell_cycle_S_phase	SLC38A2	Slc38a2
Voltage_gated_ion_channel	KCNS3	Kcns3
Cell_cycle_G2M_phase	RCCD1	Rccd1
Cell_cycle_S_phase	SP1	Sp1
Voltage_gated_ion_channel	KCNU1	Kcnu1
Cell_cycle_G2M_phase	RDH11	Rdh11
Cell_cycle_S_phase	SRSF5	Srsf5
Voltage_gated_ion_channel	KCNV1	Kcnv1
Cell_cycle_G2M_phase	RNF141	Rnf141
Cell_cycle_S_phase	SVIP	Svip
Voltage_gated_ion_channel	KCNV2	Kcnv2
Cell_cycle_G2M_phase	SAP30	Sap30
Cell_cycle_S_phase	TOP2A	Top2a
Voltage_gated_ion_channel	MCOLN1	Mcoln1
Cell_cycle_G2M_phase	SKA3	Ska3
Cell_cycle_S_phase	TTC31	NA
Voltage_gated_ion_channel	MCOLN2	Mcoln2
Cell_cycle_G2M_phase	SMC4	Smc4
Cell_cycle_S_phase	TTLL7	Ttll7
Voltage_gated_ion_channel	MCOLN3	Mcoln3
Cell_cycle_G2M_phase	STAT1	Stat1
Cell_cycle_S_phase	TYMS	Tyms
Voltage_gated_ion_channel	PKD2	Pkd2
Cell_cycle_G2M_phase	STIL	Stil
Cell_cycle_S_phase	UBE2T	Ube2t
Voltage_gated_ion_channel	PKD2L1	Pkd2l1
Cell_cycle_G2M_phase	STK17B	Stk17b
Cell_cycle_S_phase	UBL3	Ubl3
Voltage_gated_ion_channel	PKD2L2	Pkd2l2
Cell_cycle_G2M_phase	SUCLG2	Suclg2
Cell_cycle_S_phase	USP1	Usp1
Voltage_gated_ion_channel	SCN10A	Scn10a
Cell_cycle_G2M_phase	TFAP2A	Tfap2a
Cell_cycle_S_phase	ZBED5	Zbed5
Voltage_gated_ion_channel	SCN11A	Scn11a
Cell_cycle_G2M_phase	TIMP1	Timp1
Cell_cycle_S_phase	ZWINT	Zwint
Voltage_gated_ion_channel	SCN1A	Scn1a
Cell_cycle_G2M_phase	TMEM99	NA
Voltage_gated_ion_channel	SCN1B	Scn1b
Cell_cycle_G2M_phase	TMPO	Tmpo
Voltage_gated_ion_channel	SCN2A	Scn2a
Cell_cycle_G2M_phase	TNPO2	Tnpo2
Voltage_gated_ion_channel	SCN2B	Scn2b
Cell_cycle_G2M_phase	TOP2A	Top2a
Voltage_gated_ion_channel	SCN3A	Scn3a
Cell_cycle_G2M_phase	TRAIP	Traip
Voltage_gated_ion_channel	SCN3B	Scn3b
Cell_cycle_G2M_phase	TRIM59	Trim59
Voltage_gated_ion_channel	SCN4A	Scn4a
Cell_cycle_G2M_phase	TRMT2A	Trmt2a
Voltage_gated_ion_channel	SCN4B	Scn4b
Cell_cycle_G2M_phase	TTF2	Ttf2
Voltage_gated_ion_channel	SCN5A	Scn5a
Cell_cycle_G2M_phase	TUBA1A	Tuba1a
Voltage_gated_ion_channel	SCN8A	Scn8a
Cell_cycle_G2M_phase	TUBB	Tubb5
Voltage_gated_ion_channel	SCN9A	Scn9a
Cell_cycle_G2M_phase	TUBB2A	Tubb2a
Voltage_gated_ion_channel	TPCN1	Tpcn1
Cell_cycle_G2M_phase	TUBB4B	Tubb4b
Voltage_gated_ion_channel	TPCN2	Tpcn2
Cell_cycle_G2M_phase	TUBD1	Tubd1
Voltage_gated_ion_channel	TRPA1	Trpa1
Cell_cycle_G2M_phase	UACA	Uaca
Voltage_gated_ion_channel	TRPC1	Trpc1
Cell_cycle_G2M_phase	UBE2C	Ube2c
Voltage_gated_ion_channel	TRPC2	Trpc2
Cell_cycle_G2M_phase	VPS25	Vps25
Voltage_gated_ion_channel	TRPC3	Trpc3
Cell_cycle_G2M_phase	VTA1	Vta1
Voltage_gated_ion_channel	TRPC4	Trpc4
Cell_cycle_G2M_phase	WSB1	Wsb1
Voltage_gated_ion_channel	TRPC5	Trpc5
Cell_cycle_G2M_phase	ZNF587	NA
Voltage_gated_ion_channel	TRPC6	Trpc6
Cell_cycle_G2M_phase	ZNHIT2	Znhit2
Voltage_gated_ion_channel	TRPC7	Trpc7
Voltage_gated_ion_channel	TRPM1	Trpm1
Voltage_gated_ion_channel	TRPM2	Trpm2
Voltage_gated_ion_channel	TRPM3	Trpm3
Voltage_gated_ion_channel	TRPM4	Trpm4
Voltage_gated_ion_channel	TRPM5	Trpm5
Voltage_gated_ion_channel	TRPM6	Trpm6
Voltage_gated_ion_channel	TRPM7	Trpm7
Voltage_gated_ion_channel	TRPM8	Trpm8
Voltage_gated_ion_channel	TRPV1	Trpv1
Voltage_gated_ion_channel	TRPV2	Trpv2
Voltage_gated_ion_channel	TRPV3	Trpv3
Voltage_gated_ion_channel	TRPV4	Trpv4
Voltage_gated_ion_channel	TRPV5	Trpv5
Voltage_gated_ion_channel	TRPV6	Trpv6
